{
  "Name": "Default",
  "UserPreferences": {
    "toggleStateKey": "End"
  },
  "AHK": {
    "AhkEntries": {},
    "AhkDelay": 10,
    "mouseFlick": false,
    "noShift": false,
    "ahkMode": "ahkCompatibility"
  },
  "Autopot": "{\"hpKey\":0,\"hpPercent\":0,\"spKey\":0,\"spPercent\":0,\"delay\":15,\"delayYgg\":50,\"firstHeal\":\"firstHP\",\"actionName\":\"Autopot\"}",
  "AutopotYgg": "{\"hpKey\":0,\"hpPercent\":0,\"spKey\":0,\"spPercent\":0,\"delay\":15,\"delayYgg\":50,\"firstHeal\":\"firstHP\",\"actionName\":\"AutopotYgg\"}",
  "AutoRefreshSpammer": "{\"refreshDelay\":5,\"refreshKey\":0}",
  "Autobuff": "{\"buffMapping\":{},\"delay\":1}",
  "StatusRecovery": {
    "buffMapping": {},
    "delay": 1
  },
  "SongMacro": {
    "actionName": "SongMacro2.0",
    "chainConfigs": [
      {
        "id": 1,
        "trigger": 0,
        "daggerKey": 0,
        "instrumentKey": 0,
        "delay": 50,
        "macroEntries": {}
      },
      {
        "id": 2,
        "trigger": 0,
        "daggerKey": 0,
        "instrumentKey": 0,
        "delay": 50,
        "macroEntries": {}
      },
      {
        "id": 3,
        "trigger": 0,
        "daggerKey": 0,
        "instrumentKey": 0,
        "delay": 50,
        "macroEntries": {}
      },
      {
        "id": 4,
        "trigger": 0,
        "daggerKey": 0,
        "instrumentKey": 0,
        "delay": 50,
        "macroEntries": {}
      }
    ]
  },
  "MacroSwitch": "{\"actionName\":\"MacroSwitch\",\"chainConfigs\":[{\"id\":1,\"trigger\":0,\"daggerKey\":0,\"instrumentKey\":0,\"delay\":50,\"macroEntries\":{\"in1mac1\":{\"key\":0,\"delay\":0},\"in7mac1\":{\"key\":0,\"delay\":0},\"in6mac1\":{\"key\":0,\"delay\":0},\"in2mac1\":{\"key\":0,\"delay\":0},\"in5mac1\":{\"key\":0,\"delay\":0},\"in3mac1\":{\"key\":0,\"delay\":0},\"in4mac1\":{\"key\":0,\"delay\":0}}},{\"id\":2,\"trigger\":0,\"daggerKey\":0,\"instrumentKey\":0,\"delay\":50,\"macroEntries\":{\"in1mac2\":{\"key\":0,\"delay\":0},\"in7mac2\":{\"key\":0,\"delay\":0},\"in6mac2\":{\"key\":0,\"delay\":0},\"in2mac2\":{\"key\":0,\"delay\":0},\"in5mac2\":{\"key\":0,\"delay\":0},\"in3mac2\":{\"key\":0,\"delay\":0},\"in4mac2\":{\"key\":0,\"delay\":0}}},{\"id\":3,\"trigger\":0,\"daggerKey\":0,\"instrumentKey\":0,\"delay\":50,\"macroEntries\":{\"in1mac3\":{\"key\":0,\"delay\":0},\"in7mac3\":{\"key\":0,\"delay\":0},\"in6mac3\":{\"key\":0,\"delay\":0},\"in2mac3\":{\"key\":0,\"delay\":0},\"in5mac3\":{\"key\":0,\"delay\":0},\"in3mac3\":{\"key\":0,\"delay\":0},\"in4mac3\":{\"key\":0,\"delay\":0}}}]}",
  "Custom": {
    "actionName": null,
    "tiMode": 0
  },
  "AtkDefMode": {
    "ahkDelay": 10,
    "switchDelay": 50,
    "keySpammer": 0,
    "keySpammerWithClick": true,
    "defKeys": {},
    "atkKeys": {}
  },
  "AHK20": "{\"AhkEntries\":{},\"AhkDelay\":10,\"mouseFlick\":false,\"noShift\":false,\"ahkMode\":\"ahkCompatibility\"}",
  "SongMacro2.0": "{\"actionName\":\"SongMacro2.0\",\"chainConfigs\":[{\"id\":1,\"trigger\":0,\"daggerKey\":0,\"instrumentKey\":0,\"delay\":50,\"macroEntries\":{\"in8mac1\":{\"key\":0,\"delay\":50},\"in7mac1\":{\"key\":0,\"delay\":50},\"in6mac1\":{\"key\":0,\"delay\":50},\"in5mac1\":{\"key\":0,\"delay\":50},\"in4mac1\":{\"key\":0,\"delay\":50},\"in3mac1\":{\"key\":0,\"delay\":50},\"in2mac1\":{\"key\":0,\"delay\":50},\"in1mac1\":{\"key\":0,\"delay\":50}}},{\"id\":2,\"trigger\":0,\"daggerKey\":0,\"instrumentKey\":0,\"delay\":50,\"macroEntries\":{\"in8mac2\":{\"key\":0,\"delay\":50},\"in7mac2\":{\"key\":0,\"delay\":50},\"in6mac2\":{\"key\":0,\"delay\":50},\"in5mac2\":{\"key\":0,\"delay\":50},\"in4mac2\":{\"key\":0,\"delay\":50},\"in3mac2\":{\"key\":0,\"delay\":50},\"in2mac2\":{\"key\":0,\"delay\":50},\"in1mac2\":{\"key\":0,\"delay\":50}}},{\"id\":3,\"trigger\":0,\"daggerKey\":0,\"instrumentKey\":0,\"delay\":50,\"macroEntries\":{\"in8mac3\":{\"key\":0,\"delay\":50},\"in7mac3\":{\"key\":0,\"delay\":50},\"in6mac3\":{\"key\":0,\"delay\":50},\"in5mac3\":{\"key\":0,\"delay\":50},\"in4mac3\":{\"key\":0,\"delay\":50},\"in3mac3\":{\"key\":0,\"delay\":50},\"in2mac3\":{\"key\":0,\"delay\":50},\"in1mac3\":{\"key\":0,\"delay\":50}}},{\"id\":4,\"trigger\":0,\"daggerKey\":0,\"instrumentKey\":0,\"delay\":50,\"macroEntries\":{\"in8mac4\":{\"key\":0,\"delay\":50},\"in7mac4\":{\"key\":0,\"delay\":50},\"in6mac4\":{\"key\":0,\"delay\":50},\"in5mac4\":{\"key\":0,\"delay\":50},\"in4mac4\":{\"key\":0,\"delay\":50},\"in3mac4\":{\"key\":0,\"delay\":50},\"in2mac4\":{\"key\":0,\"delay\":50},\"in1mac4\":{\"key\":0,\"delay\":50}}}]}",
  "ATKDEFMode": "{\"ahkDelay\":10,\"switchDelay\":50,\"keySpammer\":0,\"keySpammerWithClick\":true,\"defKeys\":{},\"atkKeys\":{}}"
}